id,title,company,description,required_skills,nice_to_have_skills,location,mode,duration,stipend,eligibility,openings,apply_link,is_active,category,domain,application_count,view_count,posted_by,created_at,updated_at
616500fa-0bb7-49c4-882f-da706db5e1d3,Software Engineering Intern,Amazon Logistics,"Work on developing, testing, and maintaining full-stack web applications and services. This internship program is hosted by Amazon Logistics via their career portal.","[""JavaScript"",""React"",""Node.js"",""TypeScript"",""Python"",""SQL"",""Git""]",[],Hybrid,onsite,3 months,Paid,,1,https://amazon.jobs,true,Tech,[],0,0,,2026-06-25 06:45:39.539037+00,2026-06-25 06:45:39.539037+00
617a93b4-7bc3-439d-b8a5-1f51a0244b42,Cybersecurity Analyst Intern,Fujitsu,"Assist in monitoring, detecting, and responding to security incidents and vulnerabilities. This internship program is hosted by Fujitsu via their career portal.","[""Networking"",""Cybersecurity"",""Linux"",""Python"",""Docker"",""Cryptography""]",[],Hybrid,onsite,3 months,Paid,,1,https://fujitsu.com/global/about/careers,true,Security,[],0,0,,2026-06-25 06:45:38.148512+00,2026-06-25 06:45:38.148512+00
62cc065e-a5cc-49b8-b0a2-0ca2b2d81eca,Software Engineering Intern,Hims & Hers,"Work on developing, testing, and maintaining full-stack web applications and services. This internship program is hosted by Hims & Hers via their career portal.","[""JavaScript"",""React"",""Node.js"",""TypeScript"",""Python"",""SQL"",""Git""]",[],Hybrid,onsite,6 months,Paid,,1,https://hims.com/careers,true,Tech,[],0,0,,2026-06-25 06:45:38.622467+00,2026-06-25 06:45:38.622467+00
63ab2f2d-f45c-4135-bfee-05c2ac573cd8,Data Analyst Intern,AbbVie,Analyze complex datasets to generate actionable insights and reports for business stakeholders. This internship program is hosted by AbbVie via their career portal.,"[""Python"",""SQL"",""Excel"",""Data Analysis"",""Tableau"",""Power BI""]",[],Hybrid,onsite,3 months,Paid,,1,https://abbvie.com/careers,true,Data,[],0,0,,2026-06-25 06:45:38.622467+00,2026-06-25 06:45:38.622467+00
63f1dca3-9024-4e8c-a54c-23bdf39dd641,Backend Engineer Intern,SunPower,"Design and implement scalable backend APIs, database schemas, and microservices. This internship program is hosted by SunPower via their career portal.","[""Node.js"",""Express"",""PostgreSQL"",""MongoDB"",""Python"",""Docker"",""REST APIs"",""Git""]",[],Hybrid,onsite,6 months,Paid,,1,https://sunpower.com/careers,true,Tech,[],0,0,,2026-06-25 06:45:39.146309+00,2026-06-25 06:45:39.146309+00
64a2c989-03ec-4245-971f-3de7b658df3d,Machine Learning Intern,Goodyear,"Build, train, and evaluate machine learning models for predictive analytics. This internship program is hosted by Goodyear via their career portal.","[""Python"",""PyTorch"",""TensorFlow"",""Scikit-Learn"",""Machine Learning"",""Data Analysis""]",[],Hybrid,onsite,6 months,Paid,,1,https://goodyear.com/careers,true,Tech,[],0,0,,2026-06-25 06:45:39.146309+00,2026-06-25 06:45:39.146309+00
65074f1f-0867-47f4-a5be-a646d2a2cb4e,Backend Engineer Intern,Twilio,"Design and implement scalable backend APIs, database schemas, and microservices. This internship program is hosted by Twilio via their career portal.","[""Node.js"",""Express"",""PostgreSQL"",""MongoDB"",""Python"",""Docker"",""REST APIs"",""Git""]",[],Hybrid,onsite,3 months,Paid,,1,https://twilio.com/company/careers,true,Tech,[],0,0,,2026-06-25 06:45:36.580703+00,2026-06-25 06:45:36.580703+00
6510550a-fad3-45d8-9a1b-f49e5b9983e5,Backend Engineer Intern,General Motors,"Design and implement scalable backend APIs, database schemas, and microservices. This internship program is hosted by General Motors via their career portal.","[""Node.js"",""Express"",""PostgreSQL"",""MongoDB"",""Python"",""Docker"",""REST APIs"",""Git""]",[],Remote,onsite,3 months,Paid,,1,https://search-careers.gm.com,true,Tech,[],0,0,,2026-06-25 06:45:38.622467+00,2026-06-25 06:45:38.622467+00
65daae36-1ff2-4365-b3bf-6f7bec01f891,Backend Engineer Intern,Unity,"Design and implement scalable backend APIs, database schemas, and microservices. This internship program is hosted by Unity via their career portal.","[""Node.js"",""Express"",""PostgreSQL"",""MongoDB"",""Python"",""Docker"",""REST APIs"",""Git""]",[],On-site,onsite,3 months,Paid,,1,https://unity.com/careers,true,Tech,[],0,0,,2026-06-25 06:45:36.580703+00,2026-06-25 06:45:36.580703+00
65f1fd8d-ad9c-43b0-88cf-1ad093a80154,Software Engineering Intern,Infosys,"Work on developing, testing, and maintaining full-stack web applications and services. This internship program is hosted by Infosys via their career portal.","[""JavaScript"",""React"",""Node.js"",""TypeScript"",""Python"",""SQL"",""Git""]",[],On-site,onsite,3 months,Paid,,1,https://infosys.com/careers,true,Tech,[],0,0,,2026-06-25 06:45:38.148512+00,2026-06-25 06:45:38.148512+00
6612f829-0e0f-429b-8fab-667e7befbadd,Business Analyst Intern,Citi,"Gather and document business requirements, analyzing processes to optimize efficiency. This internship program is hosted by Citi via their career portal.","[""Problem Solving"",""Communication"",""Collaboration"",""Agile"",""Excel"",""Data Analysis""]",[],Hybrid,onsite,3 months,Paid,,1,https://careers.citigroup.com/students/,true,Business,[],0,0,,2026-06-25 06:45:37.732256+00,2026-06-25 06:45:37.732256+00
662ccd36-6b37-440d-b175-22f309cf2651,Machine Learning Intern,Siemens Healthineers,"Build, train, and evaluate machine learning models for predictive analytics. This internship program is hosted by Siemens Healthineers via their career portal.","[""Python"",""PyTorch"",""TensorFlow"",""Scikit-Learn"",""Machine Learning"",""Data Analysis""]",[],On-site,onsite,3 months,Paid,,1,https://siemens-healthineers.com/careers,true,Tech,[],0,0,,2026-06-25 06:45:38.622467+00,2026-06-25 06:45:38.622467+00
66d12df9-3964-444b-a403-47442a9aa493,Machine Learning Intern,Ro Healthcare,"Build, train, and evaluate machine learning models for predictive analytics. This internship program is hosted by Ro Healthcare via their career portal.","[""Python"",""PyTorch"",""TensorFlow"",""Scikit-Learn"",""Machine Learning"",""Data Analysis""]",[],On-site,onsite,6 months,Paid,,1,https://ro.co/careers,true,Tech,[],0,0,,2026-06-25 06:45:38.622467+00,2026-06-25 06:45:38.622467+00
671b7362-9003-412f-98f6-8f200a93f0b7,Cybersecurity Analyst Intern,Chime,"Assist in monitoring, detecting, and responding to security incidents and vulnerabilities. This internship program is hosted by Chime via their career portal.","[""Networking"",""Cybersecurity"",""Linux"",""Python"",""Docker"",""Cryptography""]",[],Hybrid,onsite,3 months,Paid,,1,https://chime.com/careers,true,Security,[],0,0,,2026-06-25 06:45:37.732256+00,2026-06-25 06:45:37.732256+00
6745cf19-f3bc-4f2b-a44f-613d11bb33bf,Frontend Developer Intern,Walmart,"Focus on building responsive, interactive, and beautiful user interfaces. This internship program is hosted by Walmart via their career portal.","[""JavaScript"",""React"",""TypeScript"",""HTML"",""CSS"",""Tailwind"",""Git""]",[],On-site,onsite,6 months,Paid,,1,https://careers.walmart.com/students,true,Tech,[],0,0,,2026-06-25 06:45:39.146309+00,2026-06-25 06:45:39.146309+00
67b9c528-c18c-442f-98e8-a3d0e2d55563,Business Analyst Intern,Huron Consulting,"Gather and document business requirements, analyzing processes to optimize efficiency. This internship program is hosted by Huron Consulting via their career portal.","[""Problem Solving"",""Communication"",""Collaboration"",""Agile"",""Excel"",""Data Analysis""]",[],Hybrid,onsite,6 months,Paid,,1,https://huronconsultinggroup.com/careers,true,Business,[],0,0,,2026-06-25 06:45:38.148512+00,2026-06-25 06:45:38.148512+00
6828a0f6-a50f-499a-b7d9-2a84d4bf9a1d,Business Analyst Intern,BT Group,"Gather and document business requirements, analyzing processes to optimize efficiency. This internship program is hosted by BT Group via their career portal.","[""Problem Solving"",""Communication"",""Collaboration"",""Agile"",""Excel"",""Data Analysis""]",[],On-site,onsite,6 months,Paid,,1,https://bt.com/careers,true,Business,[],0,0,,2026-06-25 06:45:39.539037+00,2026-06-25 06:45:39.539037+00
68446def-38ae-4138-a66b-72ebd77d6f67,Product Management Intern,Nov (National Oilwell Varco),"Collaborate with engineering, design, and marketing to define product roadmaps and features. This internship program is hosted by Nov (National Oilwell Varco) via their career portal.","[""Problem Solving"",""Communication"",""Collaboration"",""Agile"",""Product Strategy""]",[],Hybrid,onsite,3 months,Paid,,1,https://nov.com/careers,true,Business,[],0,0,,2026-06-25 06:45:39.146309+00,2026-06-25 06:45:39.146309+00
684a9bf7-33dd-442e-9773-bd1f94abd79a,Product Management Intern,AMD,"Collaborate with engineering, design, and marketing to define product roadmaps and features. This internship program is hosted by AMD via their career portal.","[""Problem Solving"",""Communication"",""Collaboration"",""Agile"",""Product Strategy""]",[],Hybrid,onsite,3 months,Paid,,1,https://amd.com/en/corporate/careers,true,Business,[],0,0,,2026-06-25 06:45:36.580703+00,2026-06-25 06:45:36.580703+00
685eb048-1f85-408a-a66d-c010fd3f9ccf,Data Analyst Intern,Amwell,Analyze complex datasets to generate actionable insights and reports for business stakeholders. This internship program is hosted by Amwell via their career portal.,"[""Python"",""SQL"",""Excel"",""Data Analysis"",""Tableau"",""Power BI""]",[],Hybrid,onsite,6 months,Paid,,1,https://amwell.com/careers,true,Data,[],0,0,,2026-06-25 06:45:38.622467+00,2026-06-25 06:45:38.622467+00
688c6dbf-5c7c-457a-ac93-b7579f9ab44b,Business Analyst Intern,Denso,"Gather and document business requirements, analyzing processes to optimize efficiency. This internship program is hosted by Denso via their career portal.","[""Problem Solving"",""Communication"",""Collaboration"",""Agile"",""Excel"",""Data Analysis""]",[],On-site,onsite,3 months,Paid,,1,https://denso.com/global/en/careers,true,Business,[],0,0,,2026-06-25 06:45:39.146309+00,2026-06-25 06:45:39.146309+00
68f19c1b-db96-44cb-a566-88a5568ba34c,Software Engineering Intern,American Express,"Work on developing, testing, and maintaining full-stack web applications and services. This internship program is hosted by American Express via their career portal.","[""JavaScript"",""React"",""Node.js"",""TypeScript"",""Python"",""SQL"",""Git""]",[],On-site,onsite,3 months,Paid,,1,https://americanexpress.com/en-us/careers,true,Tech,[],0,0,,2026-06-25 06:45:37.732256+00,2026-06-25 06:45:37.732256+00
69896eb0-d177-4446-9776-653e15c5e1a8,Backend Engineer Intern,Egon Zehnder,"Design and implement scalable backend APIs, database schemas, and microservices. This internship program is hosted by Egon Zehnder via their career portal.","[""Node.js"",""Express"",""PostgreSQL"",""MongoDB"",""Python"",""Docker"",""REST APIs"",""Git""]",[],On-site,onsite,3 months,Paid,,1,https://egonzehnder.com/careers,true,Tech,[],0,0,,2026-06-25 06:45:38.148512+00,2026-06-25 06:45:38.148512+00
6a5a84c3-ce2b-488d-98fa-ecfbd24f45d6,Software Engineering Intern,ABB,"Work on developing, testing, and maintaining full-stack web applications and services. This internship program is hosted by ABB via their career portal.","[""JavaScript"",""React"",""Node.js"",""TypeScript"",""Python"",""SQL"",""Git""]",[],Hybrid,onsite,3 months,Paid,,1,https://abb.com/careers,true,Tech,[],0,0,,2026-06-25 06:45:39.146309+00,2026-06-25 06:45:39.146309+00
6ac92557-8b42-4cb9-b671-4cdc27343a98,Backend Engineer Intern,Syneos Health,"Design and implement scalable backend APIs, database schemas, and microservices. This internship program is hosted by Syneos Health via their career portal.","[""Node.js"",""Express"",""PostgreSQL"",""MongoDB"",""Python"",""Docker"",""REST APIs"",""Git""]",[],On-site,onsite,3 months,Paid,,1,https://syneoshealth.com/careers,true,Tech,[],0,0,,2026-06-25 06:45:38.622467+00,2026-06-25 06:45:38.622467+00
6b5ae969-ce7f-4fdd-b645-f97c84506e01,Data Analyst Intern,Asus,Analyze complex datasets to generate actionable insights and reports for business stakeholders. This internship program is hosted by Asus via their career portal.,"[""Python"",""SQL"",""Excel"",""Data Analysis"",""Tableau"",""Power BI""]",[],On-site,onsite,6 months,Paid,,1,https://asus.com/us/about-asus/careers,true,Data,[],0,0,,2026-06-25 06:45:36.580703+00,2026-06-25 06:45:36.580703+00
6b843ff5-b9ce-4a4c-b015-ce7f761f2ee3,Frontend Developer Intern,Virgin Galactic,"Focus on building responsive, interactive, and beautiful user interfaces. This internship program is hosted by Virgin Galactic via their career portal.","[""JavaScript"",""React"",""TypeScript"",""HTML"",""CSS"",""Tailwind"",""Git""]",[],Remote,onsite,3 months,Paid,,1,https://virgingalactic.com/careers,true,Tech,[],0,0,,2026-06-25 06:45:39.146309+00,2026-06-25 06:45:39.146309+00
6c43bf6b-53be-4741-be64-39348a28f716,Machine Learning Intern,Regeneron,"Build, train, and evaluate machine learning models for predictive analytics. This internship program is hosted by Regeneron via their career portal.","[""Python"",""PyTorch"",""TensorFlow"",""Scikit-Learn"",""Machine Learning"",""Data Analysis""]",[],On-site,onsite,3 months,Paid,,1,https://regeneron.com/careers,true,Tech,[],0,0,,2026-06-25 06:45:38.622467+00,2026-06-25 06:45:38.622467+00
6c73acc2-0a19-4574-af2f-1e8e4c329ff2,Business Analyst Intern,EY,"Gather and document business requirements, analyzing processes to optimize efficiency. This internship program is hosted by EY via their career portal.","[""Problem Solving"",""Communication"",""Collaboration"",""Agile"",""Excel"",""Data Analysis""]",[],Remote,onsite,6 months,Paid,,1,https://www.ey.com/careers/students,true,Business,[],0,0,,2026-06-25 06:45:38.148512+00,2026-06-25 06:45:38.148512+00
6d578c16-e712-45d2-9ad3-1311566ab939,Product Management Intern,Spencer Stuart,"Collaborate with engineering, design, and marketing to define product roadmaps and features. This internship program is hosted by Spencer Stuart via their career portal.","[""Problem Solving"",""Communication"",""Collaboration"",""Agile"",""Product Strategy""]",[],On-site,onsite,6 months,Paid,,1,https://spencerstuart.com/careers,true,Business,[],0,0,,2026-06-25 06:45:38.148512+00,2026-06-25 06:45:38.148512+00
6d966624-5a6e-41c8-9dc6-04cf72dadfa8,Backend Engineer Intern,Core-Mark,"Design and implement scalable backend APIs, database schemas, and microservices. This internship program is hosted by Core-Mark via their career portal.","[""Node.js"",""Express"",""PostgreSQL"",""MongoDB"",""Python"",""Docker"",""REST APIs"",""Git""]",[],Hybrid,onsite,3 months,Paid,,1,https://core-mark.com/careers,true,Tech,[],0,0,,2026-06-25 06:45:38.148512+00,2026-06-25 06:45:38.148512+00
6da07817-a32a-4f36-83dc-cf93a8300a99,Cybersecurity Analyst Intern,MathWorks,"Assist in monitoring, detecting, and responding to security incidents and vulnerabilities. This internship program is hosted by MathWorks via their career portal.","[""Networking"",""Cybersecurity"",""Linux"",""Python"",""Docker"",""Cryptography""]",[],On-site,onsite,6 months,Paid,,1,https://mathworks.com/company/jobs,true,Security,[],0,0,,2026-06-25 06:45:36.580703+00,2026-06-25 06:45:36.580703+00
6de6cbfd-bafc-4507-96f1-e322e0618342,Business Analyst Intern,Boehringer Ingelheim,"Gather and document business requirements, analyzing processes to optimize efficiency. This internship program is hosted by Boehringer Ingelheim via their career portal.","[""Problem Solving"",""Communication"",""Collaboration"",""Agile"",""Excel"",""Data Analysis""]",[],Hybrid,onsite,3 months,Paid,,1,https://boehringer-ingelheim.com/careers,true,Business,[],0,0,,2026-06-25 06:45:38.622467+00,2026-06-25 06:45:38.622467+00
6eee5720-7992-4f2e-beb0-6d7752b61244,Business Analyst Intern,Takeda,"Gather and document business requirements, analyzing processes to optimize efficiency. This internship program is hosted by Takeda via their career portal.","[""Problem Solving"",""Communication"",""Collaboration"",""Agile"",""Excel"",""Data Analysis""]",[],Hybrid,onsite,3 months,Paid,,1,https://takeda.com/careers,true,Business,[],0,0,,2026-06-25 06:45:38.622467+00,2026-06-25 06:45:38.622467+00
702f84f5-5ca2-4b81-885a-6c74dfe28bec,Business Analyst Intern,Disney,"Gather and document business requirements, analyzing processes to optimize efficiency. This internship program is hosted by Disney via their career portal.","[""Problem Solving"",""Communication"",""Collaboration"",""Agile"",""Excel"",""Data Analysis""]",[],Remote,onsite,6 months,Paid,,1,https://jobs.disneycareers.com/students,true,Business,[],0,0,,2026-06-25 06:45:39.539037+00,2026-06-25 06:45:39.539037+00
703919c4-afdd-4486-9e7e-926dc23a1925,Business Analyst Intern,Deloitte,"Gather and document business requirements, analyzing processes to optimize efficiency. This internship program is hosted by Deloitte via their career portal.","[""Problem Solving"",""Communication"",""Collaboration"",""Agile"",""Excel"",""Data Analysis""]",[],Remote,onsite,3 months,Paid,,1,https://deloitte.com/careers/students,true,Business,[],0,0,,2026-06-25 06:45:37.732256+00,2026-06-25 06:45:37.732256+00
70599a48-4b85-44c8-b924-8957102b0b47,Product Management Intern,Compass Group,"Collaborate with engineering, design, and marketing to define product roadmaps and features. This internship program is hosted by Compass Group via their career portal.","[""Problem Solving"",""Communication"",""Collaboration"",""Agile"",""Product Strategy""]",[],Hybrid,onsite,6 months,Paid,,1,https://compass-group.com/careers,true,Business,[],0,0,,2026-06-25 06:45:38.148512+00,2026-06-25 06:45:38.148512+00
70c4ac28-83e5-4a72-a00a-b5fd740d9176,Cybersecurity Analyst Intern,Quest Diagnostics,"Assist in monitoring, detecting, and responding to security incidents and vulnerabilities. This internship program is hosted by Quest Diagnostics via their career portal.","[""Networking"",""Cybersecurity"",""Linux"",""Python"",""Docker"",""Cryptography""]",[],Remote,onsite,3 months,Paid,,1,https://questdiagnostics.com/careers,true,Security,[],0,0,,2026-06-25 06:45:38.622467+00,2026-06-25 06:45:38.622467+00
710ec578-45ac-47cf-9a23-71535de10bfe,Business Analyst Intern,Maersk,"Gather and document business requirements, analyzing processes to optimize efficiency. This internship program is hosted by Maersk via their career portal.","[""Problem Solving"",""Communication"",""Collaboration"",""Agile"",""Excel"",""Data Analysis""]",[],Remote,onsite,6 months,Paid,,1,https://maersk.com/careers,true,Business,[],0,0,,2026-06-25 06:45:39.539037+00,2026-06-25 06:45:39.539037+00
71631a6a-8593-478b-a015-d77a8c0ec970,Data Analyst Intern,Fiserv,Analyze complex datasets to generate actionable insights and reports for business stakeholders. This internship program is hosted by Fiserv via their career portal.,"[""Python"",""SQL"",""Excel"",""Data Analysis"",""Tableau"",""Power BI""]",[],On-site,onsite,6 months,Paid,,1,https://careers.fiserv.com,true,Data,[],0,0,,2026-06-25 06:45:37.732256+00,2026-06-25 06:45:37.732256+00
71bea082-09a1-4eff-8c3e-d80ee50d16ef,Machine Learning Intern,Michelin,"Build, train, and evaluate machine learning models for predictive analytics. This internship program is hosted by Michelin via their career portal.","[""Python"",""PyTorch"",""TensorFlow"",""Scikit-Learn"",""Machine Learning"",""Data Analysis""]",[],Remote,onsite,6 months,Paid,,1,https://michelin.com/en/careers,true,Tech,[],0,0,,2026-06-25 06:45:39.146309+00,2026-06-25 06:45:39.146309+00
72cc8e20-216d-4a23-bf34-46c7fe6dacaa,Frontend Developer Intern,Slack,"Focus on building responsive, interactive, and beautiful user interfaces. This internship program is hosted by Slack via their career portal.","[""JavaScript"",""React"",""TypeScript"",""HTML"",""CSS"",""Tailwind"",""Git""]",[],On-site,onsite,6 months,Paid,,1,https://slack.com/careers,true,Tech,[],0,0,,2026-06-25 06:45:36.580703+00,2026-06-25 06:45:36.580703+00
73190c4b-82a3-4cb7-9190-d3416a45ad9b,Data Analyst Intern,Autodesk,Analyze complex datasets to generate actionable insights and reports for business stakeholders. This internship program is hosted by Autodesk via their career portal.,"[""Python"",""SQL"",""Excel"",""Data Analysis"",""Tableau"",""Power BI""]",[],Hybrid,onsite,3 months,Paid,,1,https://autodesk.com/careers,true,Data,[],0,0,,2026-06-25 06:45:36.580703+00,2026-06-25 06:45:36.580703+00
735971a1-449d-4d55-b1bc-766284ce4d7a,Software Engineering Intern,Blue Origin,"Work on developing, testing, and maintaining full-stack web applications and services. This internship program is hosted by Blue Origin via their career portal.","[""JavaScript"",""React"",""Node.js"",""TypeScript"",""Python"",""SQL"",""Git""]",[],Hybrid,onsite,3 months,Paid,,1,https://blueorigin.com/careers,true,Tech,[],0,0,,2026-06-25 06:45:39.146309+00,2026-06-25 06:45:39.146309+00
735c3fe0-6f86-495f-a858-87110b04dab5,Software Engineering Intern,Nissan,"Work on developing, testing, and maintaining full-stack web applications and services. This internship program is hosted by Nissan via their career portal.","[""JavaScript"",""React"",""Node.js"",""TypeScript"",""Python"",""SQL"",""Git""]",[],On-site,onsite,3 months,Paid,,1,https://nissan-global.com/EN/CAREERS,true,Tech,[],0,0,,2026-06-25 06:45:39.146309+00,2026-06-25 06:45:39.146309+00
73a4695b-a06c-4932-8c77-8d49197424fc,Business Analyst Intern,Lockheed Martin,"Gather and document business requirements, analyzing processes to optimize efficiency. This internship program is hosted by Lockheed Martin via their career portal.","[""Problem Solving"",""Communication"",""Collaboration"",""Agile"",""Excel"",""Data Analysis""]",[],Remote,onsite,6 months,Paid,,1,https://lockheedmartinjobs.com,true,Business,[],0,0,,2026-06-25 06:45:39.146309+00,2026-06-25 06:45:39.146309+00
73ca98d9-6292-4ca9-a4f1-19749d2732cb,Business Analyst Intern,Liquidnet,"Gather and document business requirements, analyzing processes to optimize efficiency. This internship program is hosted by Liquidnet via their career portal.","[""Problem Solving"",""Communication"",""Collaboration"",""Agile"",""Excel"",""Data Analysis""]",[],On-site,onsite,6 months,Paid,,1,https://liquidnet.com/careers,true,Business,[],0,0,,2026-06-25 06:45:37.732256+00,2026-06-25 06:45:37.732256+00
74df5b07-29c7-4d0b-a694-c718001e8e59,Cybersecurity Analyst Intern,BNP Paribas,"Assist in monitoring, detecting, and responding to security incidents and vulnerabilities. This internship program is hosted by BNP Paribas via their career portal.","[""Networking"",""Cybersecurity"",""Linux"",""Python"",""Docker"",""Cryptography""]",[],Remote,onsite,3 months,Paid,,1,https://bnpparibas/en/careers,true,Security,[],0,0,,2026-06-25 06:45:37.732256+00,2026-06-25 06:45:37.732256+00
752eea4b-aeb8-4ac0-9db3-c56858356a0c,Frontend Developer Intern,Michael Page,"Focus on building responsive, interactive, and beautiful user interfaces. This internship program is hosted by Michael Page via their career portal.","[""JavaScript"",""React"",""TypeScript"",""HTML"",""CSS"",""Tailwind"",""Git""]",[],Hybrid,onsite,3 months,Paid,,1,https://michaelpage.com/careers,true,Tech,[],0,0,,2026-06-25 06:45:38.148512+00,2026-06-25 06:45:38.148512+00
756cf371-406a-429d-a6ac-171bb9fd3020,Cybersecurity Analyst Intern,General Mills,"Assist in monitoring, detecting, and responding to security incidents and vulnerabilities. This internship program is hosted by General Mills via their career portal.","[""Networking"",""Cybersecurity"",""Linux"",""Python"",""Docker"",""Cryptography""]",[],On-site,onsite,3 months,Paid,,1,https://generalmills.com/careers,true,Security,[],0,0,,2026-06-25 06:45:39.539037+00,2026-06-25 06:45:39.539037+00
75965a0a-9709-4a6c-b5ac-84326ba4dbd3,Cybersecurity Analyst Intern,Chef's Warehouse,"Assist in monitoring, detecting, and responding to security incidents and vulnerabilities. This internship program is hosted by Chef's Warehouse via their career portal.","[""Networking"",""Cybersecurity"",""Linux"",""Python"",""Docker"",""Cryptography""]",[],Remote,onsite,3 months,Paid,,1,https://chefswarehouse.com/careers,true,Security,[],0,0,,2026-06-25 06:45:38.148512+00,2026-06-25 06:45:38.148512+00
76d57a68-e662-4758-a17b-bba9987f2685,Backend Engineer Intern,Synopsys,"Design and implement scalable backend APIs, database schemas, and microservices. This internship program is hosted by Synopsys via their career portal.","[""Node.js"",""Express"",""PostgreSQL"",""MongoDB"",""Python"",""Docker"",""REST APIs"",""Git""]",[],On-site,onsite,6 months,Paid,,1,https://synopsys.com/careers,true,Tech,[],0,0,,2026-06-25 06:45:36.580703+00,2026-06-25 06:45:36.580703+00
7791de95-c04c-4259-9d9c-371f4fb26f9d,Frontend Developer Intern,Nestle,"Focus on building responsive, interactive, and beautiful user interfaces. This internship program is hosted by Nestle via their career portal.","[""JavaScript"",""React"",""TypeScript"",""HTML"",""CSS"",""Tailwind"",""Git""]",[],Hybrid,onsite,6 months,Paid,,1,https://nestle.com/jobs,true,Tech,[],0,0,,2026-06-25 06:45:39.539037+00,2026-06-25 06:45:39.539037+00
77b96f66-2e16-457a-b9c0-b1d7ed94b92a,Business Analyst Intern,Bosch,"Gather and document business requirements, analyzing processes to optimize efficiency. This internship program is hosted by Bosch via their career portal.","[""Problem Solving"",""Communication"",""Collaboration"",""Agile"",""Excel"",""Data Analysis""]",[],On-site,onsite,6 months,Paid,,1,https://bosch.com/careers,true,Business,[],0,0,,2026-06-25 06:45:39.146309+00,2026-06-25 06:45:39.146309+00
780d971b-7570-4831-84ce-253a60c9a618,Machine Learning Intern,Samsung Biologics,"Build, train, and evaluate machine learning models for predictive analytics. This internship program is hosted by Samsung Biologics via their career portal.","[""Python"",""PyTorch"",""TensorFlow"",""Scikit-Learn"",""Machine Learning"",""Data Analysis""]",[],Remote,onsite,3 months,Paid,,1,https://samsungbiologics.com/careers,true,Tech,[],0,0,,2026-06-25 06:45:38.622467+00,2026-06-25 06:45:38.622467+00
780ed968-5dd9-4aa2-bee4-b31c6088cf03,Frontend Developer Intern,LTIMindtree,"Focus on building responsive, interactive, and beautiful user interfaces. This internship program is hosted by LTIMindtree via their career portal.","[""JavaScript"",""React"",""TypeScript"",""HTML"",""CSS"",""Tailwind"",""Git""]",[],Hybrid,onsite,3 months,Paid,,1,https://ltimindtree.com/careers,true,Tech,[],0,0,,2026-06-25 06:45:38.148512+00,2026-06-25 06:45:38.148512+00
782a4107-f790-48e4-8719-b621b983f167,Backend Engineer Intern,UBS,"Design and implement scalable backend APIs, database schemas, and microservices. This internship program is hosted by UBS via their career portal.","[""Node.js"",""Express"",""PostgreSQL"",""MongoDB"",""Python"",""Docker"",""REST APIs"",""Git""]",[],On-site,onsite,3 months,Paid,,1,https://ubs.com/global/en/careers,true,Tech,[],0,0,,2026-06-25 06:45:37.732256+00,2026-06-25 06:45:37.732256+00
79047550-87ce-455d-b5f9-80a6e9f4d20c,Software Engineering Intern,Box,"Work on developing, testing, and maintaining full-stack web applications and services. This internship program is hosted by Box via their career portal.","[""JavaScript"",""React"",""Node.js"",""TypeScript"",""Python"",""SQL"",""Git""]",[],Remote,onsite,3 months,Paid,,1,https://box.com/careers,true,Tech,[],0,0,,2026-06-25 06:45:36.580703+00,2026-06-25 06:45:36.580703+00
7930dc51-1430-4637-8b06-8eb08d76db0d,Backend Engineer Intern,ResMed,"Design and implement scalable backend APIs, database schemas, and microservices. This internship program is hosted by ResMed via their career portal.","[""Node.js"",""Express"",""PostgreSQL"",""MongoDB"",""Python"",""Docker"",""REST APIs"",""Git""]",[],On-site,onsite,3 months,Paid,,1,https://resmed.com/careers,true,Tech,[],0,0,,2026-06-25 06:45:38.622467+00,2026-06-25 06:45:38.622467+00
795ecec6-7347-40ac-afe4-3849ec92d18a,Frontend Developer Intern,ServiceNow,"Focus on building responsive, interactive, and beautiful user interfaces. This internship program is hosted by ServiceNow via their career portal.","[""JavaScript"",""React"",""TypeScript"",""HTML"",""CSS"",""Tailwind"",""Git""]",[],Remote,onsite,6 months,Paid,,1,https://servicenow.com/careers,true,Tech,[],0,0,,2026-06-25 06:45:36.580703+00,2026-06-25 06:45:36.580703+00
7b2af04f-5cec-44ef-a282-0b21b1ac069b,Product Management Intern,DoorDash,"Collaborate with engineering, design, and marketing to define product roadmaps and features. This internship program is hosted by DoorDash via their career portal.","[""Problem Solving"",""Communication"",""Collaboration"",""Agile"",""Product Strategy""]",[],Hybrid,onsite,3 months,Paid,,1,https://doordash.com/careers,true,Business,[],0,0,,2026-06-25 06:45:36.580703+00,2026-06-25 06:45:36.580703+00
7b4e5e37-c57b-429a-a6ac-2a0d59acbfa4,Machine Learning Intern,Riot Games,"Build, train, and evaluate machine learning models for predictive analytics. This internship program is hosted by Riot Games via their career portal.","[""Python"",""PyTorch"",""TensorFlow"",""Scikit-Learn"",""Machine Learning"",""Data Analysis""]",[],Hybrid,onsite,3 months,Paid,,1,https://riotgames.com/careers,true,Tech,[],0,0,,2026-06-25 06:45:36.580703+00,2026-06-25 06:45:36.580703+00
7ba6469e-392e-4699-9d03-20e4aba3f75f,Machine Learning Intern,Gordon Food Service,"Build, train, and evaluate machine learning models for predictive analytics. This internship program is hosted by Gordon Food Service via their career portal.","[""Python"",""PyTorch"",""TensorFlow"",""Scikit-Learn"",""Machine Learning"",""Data Analysis""]",[],On-site,onsite,6 months,Paid,,1,https://gfs.com/careers,true,Tech,[],0,0,,2026-06-25 06:45:38.148512+00,2026-06-25 06:45:38.148512+00
7bd48ed4-670c-4ec7-87fa-77a0bc74cac9,Cybersecurity Analyst Intern,BBVA,"Assist in monitoring, detecting, and responding to security incidents and vulnerabilities. This internship program is hosted by BBVA via their career portal.","[""Networking"",""Cybersecurity"",""Linux"",""Python"",""Docker"",""Cryptography""]",[],Remote,onsite,3 months,Paid,,1,https://careers.bbva.com,true,Security,[],0,0,,2026-06-25 06:45:37.732256+00,2026-06-25 06:45:37.732256+00
7c406403-d504-44bd-87de-e0c5fefcf11f,Backend Engineer Intern,Sega,"Design and implement scalable backend APIs, database schemas, and microservices. This internship program is hosted by Sega via their career portal.","[""Node.js"",""Express"",""PostgreSQL"",""MongoDB"",""Python"",""Docker"",""REST APIs"",""Git""]",[],On-site,onsite,3 months,Paid,,1,https://sega.com/careers,true,Tech,[],0,0,,2026-06-25 06:45:36.580703+00,2026-06-25 06:45:36.580703+00
7d85c800-d7e9-4935-9b6c-67f6ac650892,Machine Learning Intern,Live Nation,"Build, train, and evaluate machine learning models for predictive analytics. This internship program is hosted by Live Nation via their career portal.","[""Python"",""PyTorch"",""TensorFlow"",""Scikit-Learn"",""Machine Learning"",""Data Analysis""]",[],On-site,onsite,6 months,Paid,,1,https://livenationentertainment.com/careers,true,Tech,[],0,0,,2026-06-25 06:45:39.539037+00,2026-06-25 06:45:39.539037+00
7db99673-c2d9-4d3a-aa9d-7306ddb799ab,Frontend Developer Intern,Hitachi Vantara,"Focus on building responsive, interactive, and beautiful user interfaces. This internship program is hosted by Hitachi Vantara via their career portal.","[""JavaScript"",""React"",""TypeScript"",""HTML"",""CSS"",""Tailwind"",""Git""]",[],On-site,onsite,6 months,Paid,,1,https://hitachivantara.com/en-us/company/careers,true,Tech,[],0,0,,2026-06-25 06:45:38.148512+00,2026-06-25 06:45:38.148512+00
7ddfcee5-9a5c-4a2f-bbba-0a13c851218d,Backend Engineer Intern,Heidrick & Struggles,"Design and implement scalable backend APIs, database schemas, and microservices. This internship program is hosted by Heidrick & Struggles via their career portal.","[""Node.js"",""Express"",""PostgreSQL"",""MongoDB"",""Python"",""Docker"",""REST APIs"",""Git""]",[],On-site,onsite,6 months,Paid,,1,https://heidrick.com/careers,true,Tech,[],0,0,,2026-06-25 06:45:38.148512+00,2026-06-25 06:45:38.148512+00
7e4f599d-9483-4394-8217-36323702ca77,Product Management Intern,AlixPartners,"Collaborate with engineering, design, and marketing to define product roadmaps and features. This internship program is hosted by AlixPartners via their career portal.","[""Problem Solving"",""Communication"",""Collaboration"",""Agile"",""Product Strategy""]",[],On-site,onsite,6 months,Paid,,1,https://alixpartners.com/careers,true,Business,[],0,0,,2026-06-25 06:45:38.148512+00,2026-06-25 06:45:38.148512+00
7e5cddae-55a6-48d5-991e-357604f8eec8,Business Analyst Intern,Worldpay,"Gather and document business requirements, analyzing processes to optimize efficiency. This internship program is hosted by Worldpay via their career portal.","[""Problem Solving"",""Communication"",""Collaboration"",""Agile"",""Excel"",""Data Analysis""]",[],Remote,onsite,6 months,Paid,,1,https://worldpay.com/careers,true,Business,[],0,0,,2026-06-25 06:45:37.732256+00,2026-06-25 06:45:37.732256+00
8057b06c-5961-464f-9c6c-e492153650f3,Software Engineering Intern,G4S,"Work on developing, testing, and maintaining full-stack web applications and services. This internship program is hosted by G4S via their career portal.","[""JavaScript"",""React"",""Node.js"",""TypeScript"",""Python"",""SQL"",""Git""]",[],On-site,onsite,6 months,Paid,,1,https://g4s.com/careers,true,Tech,[],0,0,,2026-06-25 06:45:38.148512+00,2026-06-25 06:45:38.148512+00
8228f3e3-a7d2-452e-b4e0-f6be502b1a4b,Cybersecurity Analyst Intern,TEKsystems,"Assist in monitoring, detecting, and responding to security incidents and vulnerabilities. This internship program is hosted by TEKsystems via their career portal.","[""Networking"",""Cybersecurity"",""Linux"",""Python"",""Docker"",""Cryptography""]",[],Hybrid,onsite,6 months,Paid,,1,https://teksystems.com/careers,true,Security,[],0,0,,2026-06-25 06:45:38.148512+00,2026-06-25 06:45:38.148512+00
827f13da-7912-4544-8528-42db47efd26e,Frontend Developer Intern,S&P Global,"Focus on building responsive, interactive, and beautiful user interfaces. This internship program is hosted by S&P Global via their career portal.","[""JavaScript"",""React"",""TypeScript"",""HTML"",""CSS"",""Tailwind"",""Git""]",[],Remote,onsite,6 months,Paid,,1,https://spglobal.com/careers,true,Tech,[],0,0,,2026-06-25 06:45:37.732256+00,2026-06-25 06:45:37.732256+00
82db6ce6-0669-4f58-b853-957772af2287,Business Analyst Intern,PayPal,"Gather and document business requirements, analyzing processes to optimize efficiency. This internship program is hosted by PayPal via their career portal.","[""Problem Solving"",""Communication"",""Collaboration"",""Agile"",""Excel"",""Data Analysis""]",[],Hybrid,onsite,6 months,Paid,,1,https://www.paypal.com/jobs/students,true,Business,[],0,0,,2026-06-25 06:45:36.580703+00,2026-06-25 06:45:36.580703+00
833d6219-a55c-4548-b93c-4664cc3ba0b4,Data Analyst Intern,ICON plc,Analyze complex datasets to generate actionable insights and reports for business stakeholders. This internship program is hosted by ICON plc via their career portal.,"[""Python"",""SQL"",""Excel"",""Data Analysis"",""Tableau"",""Power BI""]",[],Hybrid,onsite,3 months,Paid,,1,https://iconplc.com/careers,true,Data,[],0,0,,2026-06-25 06:45:38.622467+00,2026-06-25 06:45:38.622467+00
834964eb-71cb-4d89-a0d6-84f6fc2b7376,Backend Engineer Intern,Bridgestone,"Design and implement scalable backend APIs, database schemas, and microservices. This internship program is hosted by Bridgestone via their career portal.","[""Node.js"",""Express"",""PostgreSQL"",""MongoDB"",""Python"",""Docker"",""REST APIs"",""Git""]",[],On-site,onsite,6 months,Paid,,1,https://bridgestone.com/corporate/careers,true,Tech,[],0,0,,2026-06-25 06:45:39.146309+00,2026-06-25 06:45:39.146309+00
83d33283-2e98-4cc1-8397-a34d1a9cb252,Product Management Intern,Baxter,"Collaborate with engineering, design, and marketing to define product roadmaps and features. This internship program is hosted by Baxter via their career portal.","[""Problem Solving"",""Communication"",""Collaboration"",""Agile"",""Product Strategy""]",[],Remote,onsite,3 months,Paid,,1,https://baxter.com/careers,true,Business,[],0,0,,2026-06-25 06:45:38.622467+00,2026-06-25 06:45:38.622467+00
83ee6afb-e0b6-4ebf-b2bc-f4f1bb867b02,Business Analyst Intern,Vanguard,"Gather and document business requirements, analyzing processes to optimize efficiency. This internship program is hosted by Vanguard via their career portal.","[""Problem Solving"",""Communication"",""Collaboration"",""Agile"",""Excel"",""Data Analysis""]",[],Remote,onsite,3 months,Paid,,1,https://vanguardjobs.com,true,Business,[],0,0,,2026-06-25 06:45:37.732256+00,2026-06-25 06:45:37.732256+00
845025c4-106a-453a-b0db-005600fc0f91,Product Management Intern,One Medical (Amazon),"Collaborate with engineering, design, and marketing to define product roadmaps and features. This internship program is hosted by One Medical (Amazon) via their career portal.","[""Problem Solving"",""Communication"",""Collaboration"",""Agile"",""Product Strategy""]",[],Hybrid,onsite,3 months,Paid,,1,https://onemedical.com/careers,true,Business,[],0,0,,2026-06-25 06:45:38.622467+00,2026-06-25 06:45:38.622467+00
847acc87-5457-496e-8211-9272060560ca,Data Analyst Intern,WuXi AppTec,Analyze complex datasets to generate actionable insights and reports for business stakeholders. This internship program is hosted by WuXi AppTec via their career portal.,"[""Python"",""SQL"",""Excel"",""Data Analysis"",""Tableau"",""Power BI""]",[],On-site,onsite,3 months,Paid,,1,https://wuxiapptec.com/careers,true,Data,[],0,0,,2026-06-25 06:45:38.622467+00,2026-06-25 06:45:38.622467+00
8506efbb-b8a5-4407-9723-e6fbfb267b9a,Backend Engineer Intern,Splunk,"Design and implement scalable backend APIs, database schemas, and microservices. This internship program is hosted by Splunk via their career portal.","[""Node.js"",""Express"",""PostgreSQL"",""MongoDB"",""Python"",""Docker"",""REST APIs"",""Git""]",[],On-site,onsite,3 months,Paid,,1,https://splunk.com/careers,true,Tech,[],0,0,,2026-06-25 06:45:36.580703+00,2026-06-25 06:45:36.580703+00
85342865-2769-4b7a-b70d-f9af72bc223e,Frontend Developer Intern,Sony,"Focus on building responsive, interactive, and beautiful user interfaces. This internship program is hosted by Sony via their career portal.","[""JavaScript"",""React"",""TypeScript"",""HTML"",""CSS"",""Tailwind"",""Git""]",[],On-site,onsite,3 months,Paid,,1,https://sony.com/en_us/SCA/careers.html,true,Tech,[],0,0,,2026-06-25 06:45:36.580703+00,2026-06-25 06:45:36.580703+00
85646ba8-2e74-4007-b26f-02b2a0c26018,Business Analyst Intern,Accenture,"Gather and document business requirements, analyzing processes to optimize efficiency. This internship program is hosted by Accenture via their career portal.","[""Problem Solving"",""Communication"",""Collaboration"",""Agile"",""Excel"",""Data Analysis""]",[],Hybrid,onsite,3 months,Paid,,1,https://www.accenture.com/careers/students,true,Business,[],0,0,,2026-06-25 06:45:37.732256+00,2026-06-25 06:45:37.732256+00
87054737-39d9-4dcb-a45c-1d9fbfa5f171,Cybersecurity Analyst Intern,L'Oreal,"Assist in monitoring, detecting, and responding to security incidents and vulnerabilities. This internship program is hosted by L'Oreal via their career portal.","[""Networking"",""Cybersecurity"",""Linux"",""Python"",""Docker"",""Cryptography""]",[],On-site,onsite,3 months,Paid,,1,https://careers.loreal.com,true,Security,[],0,0,,2026-06-25 06:45:39.539037+00,2026-06-25 06:45:39.539037+00
885a27b3-4a7f-4ff1-a2c3-3d372e886def,Frontend Developer Intern,Aon,"Focus on building responsive, interactive, and beautiful user interfaces. This internship program is hosted by Aon via their career portal.","[""JavaScript"",""React"",""TypeScript"",""HTML"",""CSS"",""Tailwind"",""Git""]",[],Hybrid,onsite,3 months,Paid,,1,https://aon.com/careers,true,Tech,[],0,0,,2026-06-25 06:45:37.732256+00,2026-06-25 06:45:37.732256+00
88a7be75-3146-489f-b1d7-4ccf689f16ac,Business Analyst Intern,HubSpot,"Gather and document business requirements, analyzing processes to optimize efficiency. This internship program is hosted by HubSpot via their career portal.","[""Problem Solving"",""Communication"",""Collaboration"",""Agile"",""Excel"",""Data Analysis""]",[],Remote,onsite,3 months,Paid,,1,https://hubspot.com/careers,true,Business,[],0,0,,2026-06-25 06:45:36.580703+00,2026-06-25 06:45:36.580703+00
89009af3-df25-4094-9e54-b4b508d7ed37,Product Management Intern,Hitachi Construction,"Collaborate with engineering, design, and marketing to define product roadmaps and features. This internship program is hosted by Hitachi Construction via their career portal.","[""Problem Solving"",""Communication"",""Collaboration"",""Agile"",""Product Strategy""]",[],Remote,onsite,6 months,Paid,,1,https://hitachicm.com/global/careers,true,Business,[],0,0,,2026-06-25 06:45:39.146309+00,2026-06-25 06:45:39.146309+00
8a1a0c97-f614-4649-9356-2fa8f3c38ee9,Backend Engineer Intern,Cadence,"Design and implement scalable backend APIs, database schemas, and microservices. This internship program is hosted by Cadence via their career portal.","[""Node.js"",""Express"",""PostgreSQL"",""MongoDB"",""Python"",""Docker"",""REST APIs"",""Git""]",[],On-site,onsite,6 months,Paid,,1,https://cadence.com/en_US/home/company/careers,true,Tech,[],0,0,,2026-06-25 06:45:36.580703+00,2026-06-25 06:45:36.580703+00
8a2a7ac7-b02c-47b6-a2fd-6e0776d4a764,Data Analyst Intern,MarketAxess,Analyze complex datasets to generate actionable insights and reports for business stakeholders. This internship program is hosted by MarketAxess via their career portal.,"[""Python"",""SQL"",""Excel"",""Data Analysis"",""Tableau"",""Power BI""]",[],Remote,onsite,3 months,Paid,,1,https://marketaxess.com/careers,true,Data,[],0,0,,2026-06-25 06:45:37.732256+00,2026-06-25 06:45:37.732256+00
8a516a4e-19f0-4bb4-8093-a542a63584f1,Product Management Intern,Teva Pharmaceutical,"Collaborate with engineering, design, and marketing to define product roadmaps and features. This internship program is hosted by Teva Pharmaceutical via their career portal.","[""Problem Solving"",""Communication"",""Collaboration"",""Agile"",""Product Strategy""]",[],On-site,onsite,3 months,Paid,,1,https://tevaia.com/careers,true,Business,[],0,0,,2026-06-25 06:45:38.622467+00,2026-06-25 06:45:38.622467+00
8ac5a3e9-80bc-42a6-8243-e011306c9308,Machine Learning Intern,Trend Micro,"Build, train, and evaluate machine learning models for predictive analytics. This internship program is hosted by Trend Micro via their career portal.","[""Python"",""PyTorch"",""TensorFlow"",""Scikit-Learn"",""Machine Learning"",""Data Analysis""]",[],Remote,onsite,3 months,Paid,,1,https://trendmicro.com/careers,true,Tech,[],0,0,,2026-06-25 06:45:36.580703+00,2026-06-25 06:45:36.580703+00
8b550c90-f784-481d-a44d-55240da682d6,Software Engineering Intern,Unilever,"Work on developing, testing, and maintaining full-stack web applications and services. This internship program is hosted by Unilever via their career portal.","[""JavaScript"",""React"",""Node.js"",""TypeScript"",""Python"",""SQL"",""Git""]",[],Hybrid,onsite,6 months,Paid,,1,https://careers.unilever.com,true,Tech,[],0,0,,2026-06-25 06:45:39.539037+00,2026-06-25 06:45:39.539037+00
8b73e59f-6e89-4a37-836a-ff5d95645e9e,Product Management Intern,Centene,"Collaborate with engineering, design, and marketing to define product roadmaps and features. This internship program is hosted by Centene via their career portal.","[""Problem Solving"",""Communication"",""Collaboration"",""Agile"",""Product Strategy""]",[],Hybrid,onsite,3 months,Paid,,1,https://centene.com/careers,true,Business,[],0,0,,2026-06-25 06:45:38.622467+00,2026-06-25 06:45:38.622467+00
8bbeb8d7-c5e5-4737-90f0-4c6209fa9e41,Product Management Intern,AmerisourceBergen,"Collaborate with engineering, design, and marketing to define product roadmaps and features. This internship program is hosted by AmerisourceBergen via their career portal.","[""Problem Solving"",""Communication"",""Collaboration"",""Agile"",""Product Strategy""]",[],Remote,onsite,6 months,Paid,,1,https://cencora.com/careers,true,Business,[],0,0,,2026-06-25 06:45:38.622467+00,2026-06-25 06:45:38.622467+00
8bf42f9e-b819-42da-9922-6c1e43a2e5f0,Business Analyst Intern,VXI Global Solutions,"Gather and document business requirements, analyzing processes to optimize efficiency. This internship program is hosted by VXI Global Solutions via their career portal.","[""Problem Solving"",""Communication"",""Collaboration"",""Agile"",""Excel"",""Data Analysis""]",[],Remote,onsite,3 months,Paid,,1,https://vxi.com/careers,true,Business,[],0,0,,2026-06-25 06:45:38.148512+00,2026-06-25 06:45:38.148512+00
8c24f699-9a48-445e-9373-3bb681d9b9f5,Business Analyst Intern,Goldman Sachs,"Gather and document business requirements, analyzing processes to optimize efficiency. This internship program is hosted by Goldman Sachs via their career portal.","[""Problem Solving"",""Communication"",""Collaboration"",""Agile"",""Excel"",""Data Analysis""]",[],Hybrid,onsite,6 months,Paid,,1,https://www.goldmansachs.com/careers/students/,true,Business,[],0,0,,2026-06-25 06:45:36.580703+00,2026-06-25 06:45:36.580703+00
8d026534-f3cc-4f22-8f58-d1fa4e016878,Machine Learning Intern,Johnson & Johnson,"Build, train, and evaluate machine learning models for predictive analytics. This internship program is hosted by Johnson & Johnson via their career portal.","[""Python"",""PyTorch"",""TensorFlow"",""Scikit-Learn"",""Machine Learning"",""Data Analysis""]",[],On-site,onsite,3 months,Paid,,1,https://jobs.jnj.com,true,Tech,[],0,0,,2026-06-25 06:45:38.148512+00,2026-06-25 06:45:38.148512+00
8d0f95dc-2c9d-4a46-9185-6790139f39e5,Business Analyst Intern,China Construction Bank,"Gather and document business requirements, analyzing processes to optimize efficiency. This internship program is hosted by China Construction Bank via their career portal.","[""Problem Solving"",""Communication"",""Collaboration"",""Agile"",""Excel"",""Data Analysis""]",[],Hybrid,onsite,3 months,Paid,,1,https://ccb.com/en/careers,true,Business,[],0,0,,2026-06-25 06:45:37.732256+00,2026-06-25 06:45:37.732256+00
8d83d003-07fc-46e6-8f0a-ed17dffd1ea1,Product Management Intern,General Electric,"Collaborate with engineering, design, and marketing to define product roadmaps and features. This internship program is hosted by General Electric via their career portal.","[""Problem Solving"",""Communication"",""Collaboration"",""Agile"",""Product Strategy""]",[],On-site,onsite,3 months,Paid,,1,https://jobs.gecareers.com,true,Business,[],0,0,,2026-06-25 06:45:39.146309+00,2026-06-25 06:45:39.146309+00
8df70ec0-fee5-47c0-8629-59bc5a35260b,Software Engineering Intern,Volkswagen,"Work on developing, testing, and maintaining full-stack web applications and services. This internship program is hosted by Volkswagen via their career portal.","[""JavaScript"",""React"",""Node.js"",""TypeScript"",""Python"",""SQL"",""Git""]",[],On-site,onsite,6 months,Paid,,1,https://volkswagen-group.com/careers,true,Tech,[],0,0,,2026-06-25 06:45:39.146309+00,2026-06-25 06:45:39.146309+00